[
    {
        "author" : "Ozuk",
        "name" : "Sheirie",
        "keyWords" : "bordeau,prune",
        "version" : "1.2.1",
        "dofusVersion" : "2.45",
        "description" : "Thème Dofus dans les tons bordeau/prune rien que pour toi :3",
        "url" : "https://github.com/Ozukami/DofusThemes/tree/master/Sheirie/blob/master/Sheirie.zip?raw=true",
        "previewUrl" : "https://github.com/Ozukami/DofusThemes/tree/master/Sheirie/blob/master/preview.png?raw=true",
        "creationDate" : "1/11/2016",
        "modificationDate" : "17/02/2018"
    }
]
