[
    {
        "author" : "Ozuk",
        "name" : "Sheirie",
        "keyWords" : "bordeau,prune",
        "version" : "1.3.1",
        "dofusVersion" : "2.46",
        "description" : "Thème Dofus dans les tons bordeau/prune rien que pour toi :3",
        "url" : "https://github.com/Ozukami/DofusThemes/blob/master/Sheirie/Sheirie.zip?raw=true",
        "previewUrl" : "https://raw.githubusercontent.com/Ozukami/DofusThemes/master/Sheirie/preview.png",
        "creationDate" : "1/11/2016",
        "modificationDate" : "13/04/2018"
    }
]
